{
    "accuracy": 0.6679518072289157,
    "precision": 0.7744107744107744,
    "recall": 0.45320197044334976,
    "auc": 0.7278032345013477
}