{
    "accuracy": 0.6689156626506024,
    "precision": 0.7751677852348994,
    "recall": 0.45517241379310347,
    "auc": 0.7293800539083558
}